Chrom	Start	End	Early_Late	Length
1	667974	2815290	Early	2147317
1	3197597	3807995	Early	610399
1	3996886	4098480	Early	101595
1	4425799	5408265	Late	982467
1	5825163	7136934	Early	1311772
1	7648431	12873797	Early	5225367
1	13120456	13151515	Late	31060
1	13213974	13853747	Early	639774
1	15323812	17124203	Early	1800392
1	17238003	17982005	Early	744003
1	18951237	20583508	Early	1632272
1	20647754	29875761	Early	9228008
1	30672793	34115171	Early	3442379
1	35194719	37574226	Early	2379508
1	37622714	48104603	Early	10481890
1	48523262	50480815	Late	1957554
1	50764387	55939729	Early	5175343
1	56278854	56830937	Late	552084
1	56955706	58439536	Late	1483831
1	58902172	59807004	Early	904833
1	60447505	61792866	Late	1345362
1	64835937	64907251	Late	71315
1	65481507	65622449	Early	140943
1	66300926	68251584	Early	1950659
1	68662626	70309004	Late	1646379
1	70736884	71073121	Early	336238
1	71442784	75996935	Late	4554152
1	76629960	77318230	Late	688271
1	77753393	78806027	Early	1052635
1	79394291	79828329	Late	434039
1	80013777	83772642	Late	3758866
1	84847912	86016545	Early	1168634
1	87131732	87376145	Early	244414
1	88239564	88649196	Late	409633
1	89145693	90687160	Early	1541468
1	91942723	94639058	Early	2696336
1	95655838	99566090	Late	3910253
1	99943888	102338757	Early	2394870
1	102677968	107519746	Late	4841779
1	108845598	114977030	Early	6131433
1	116657893	117844470	Early	1186578
1	118763569	119459743	Late	696175
1	119963535	120695738	Early	732204
1	121170809	121258007	Late	87199
1	142535658	143537547	Late	1001890
1	143723605	143768501	Early	44897
1	144673956	145831764	Early	1157809
1	147331326	148357144	Early	1025819
1	149010606	149186356	Late	175751
1	149767524	152197130	Early	2429607
1	153051950	157610612	Early	4558663
1	159624840	162874171	Early	3249332
1	163340666	165077563	Late	1736898
1	165431426	165902066	Early	470641
1	166888462	168502405	Early	1613944
1	168843881	169176101	Early	332221
1	169364695	170195476	Early	830782
1	171568386	171750258	Early	181873
1	172211512	175596880	Early	3385369
1	176424779	177829876	Late	1405098
1	178986638	184371482	Early	5384845
1	184461890	185284080	Early	822191
1	185309020	185432191	Early	123172
1	186614432	186798340	Early	183909
1	187236049	191823548	Late	4587500
1	192145938	193296352	Early	1150415
1	193661559	197018049	Late	3356491
1	198162581	198953474	Early	790894
1	199960766	208479505	Early	8518740
1	209745200	210055517	Early	310318
1	211199340	213664994	Early	2465655
1	214144908	214202023	Late	57116
1	214838458	219283948	Late	4445491
1	221625359	222262266	Early	636908
1	223668903	225031940	Early	1363038
1	225476837	227382746	Early	1905910
1	228112177	228700829	Early	588653
1	229308117	230000290	Early	692174
1	231265725	231886968	Early	621244
1	232194587	232879179	Late	684593
1	234176611	236830244	Early	2653634
1	237227356	241280796	Late	4053441
1	241731576	241998005	Early	266430
1	242364915	242853786	Late	488872
1	244356576	245439030	Early	1082455
1	246553053	247022686	Early	469634
1	247928254	248008313	Late	80060
1	248412644	248752382	Early	339739
1	248778718	249230455	Early	451738
2	12349	2696859	Late	2684511
2	3360879	3765246	Early	404368
2	4091650	6428597	Late	2336948
2	7397986	7898434	Late	500449
2	8448446	8828800	Early	380355
2	9231211	12183682	Early	2952472
2	13000932	15106783	Late	2105852
2	16092404	16736753	Late	644350
2	16964817	17196451	Late	231635
2	17614727	18361619	Early	746893
2	18743050	19336036	Late	592987
2	19856592	21147316	Early	1290725
2	21511016	23057790	Late	1546775
2	23356400	28143269	Early	4786870
2	28424924	29639664	Early	1214741
2	30214151	30922462	Early	708312
2	31862376	33244645	Early	1382270
2	33326062	33933512	Early	607451
2	34260072	36382287	Late	2122216
2	36854842	39923448	Early	3068607
2	40406426	41547027	Late	1140602
2	41906114	44539416	Early	2633303
2	44828067	48832066	Early	4004000
2	49354203	53572209	Late	4218007
2	54101405	55923435	Early	1822031
2	56348361	57649133	Late	1300773
2	58873201	59907349	Late	1034149
2	60272708	63493176	Early	3220469
2	63662720	66096742	Early	2434023
2	66413088	67646523	Late	1233436
2	67988068	71511627	Early	3523560
2	72048144	72848173	Late	800030
2	73128670	75789422	Early	2660753
2	76227989	80591732	Late	4363744
2	80777736	84415367	Late	3637632
2	84746564	86913246	Early	2166683
2	88657337	89395404	Early	738068
2	90173239	92188458	Late	2015220
2	95327353	95392137	Late	64785
2	95954625	99954927	Early	4000303
2	100065222	100179364	Early	114143
2	103406041	105474633	Late	2068593
2	106453908	106567516	Early	113609
2	107116938	108595042	Late	1478105
2	108923014	109363646	Early	440633
2	109470435	109596301	Early	125867
2	110008984	110101232	Early	92249
2	110400101	110480239	Early	80139
2	111067710	111726067	Early	658358
2	112565564	114966594	Early	2401031
2	115255874	118418014	Late	3162141
2	119221809	119517272	Late	295464
2	120675880	121396865	Early	720986
2	121923030	122819779	Early	896750
2	123278375	127315044	Late	4036670
2	127681771	129191760	Early	1509990
2	129629030	129708391	Late	79362
2	129781531	129996162	Late	214632
2	130187379	130549172	Late	361794
2	131708643	132620575	Early	911933
2	132876035	132925567	Late	49533
2	133116262	134291544	Late	1175283
2	134637366	134912653	Early	275288
2	135379600	137301921	Early	1922322
2	137617618	139099047	Late	1481430
2	139556080	143117448	Late	3561369
2	143409832	144154837	Early	745006
2	144467703	144681288	Early	213586
2	144905899	145293601	Early	387703
2	145736493	147803045	Late	2066553
2	149134754	149662162	Early	527409
2	149791879	150042936	Early	251058
2	150499660	151739625	Late	1239966
2	152101542	153482972	Early	1381431
2	153876701	156735038	Late	2858338
2	157067531	157506583	Early	439053
2	157937344	158659630	Early	722287
2	159726073	161278271	Early	1552199
2	161556577	162438479	Early	881903
2	163176937	168699246	Late	5522310
2	169093614	169348288	Early	254675
2	170097357	173282437	Early	3185081
2	173773971	175800990	Early	2027020
2	176412814	176892882	Late	480069
2	177602716	180301540	Early	2698825
2	181014720	181214213	Late	199494
2	181625550	182720529	Early	1094980
2	183215513	183347283	Late	131771
2	184348859	184700901	Late	352043
2	184949115	186621498	Late	1672384
2	186784929	186971131	Late	186203
2	187954327	190074071	Late	2119745
2	190399129	192815366	Early	2416238
2	193136756	196100965	Late	2964210
2	196587054	198767352	Early	2180299
2	199254809	200540638	Late	1285830
2	201259162	204725057	Early	3465896
2	205151796	206284868	Late	1133073
2	206655092	207691835	Early	1036744
2	207776238	209230216	Early	1453979
2	209530107	210787228	Late	1257122
2	211104573	213183318	Late	2078746
2	213463903	214370464	Early	906562
2	214840344	215362162	Late	521819
2	216487773	217749880	Early	1262108
2	218528344	220523171	Early	1994828
2	220863307	222778384	Late	1915078
2	223149533	223953305	Early	803773
2	224369700	225133901	Early	764202
2	226363881	227179479	Late	815599
2	227858430	228713342	Early	854913
2	228973491	230142199	Late	1168709
2	230471067	234845924	Early	4374858
2	235614997	236996143	Late	1381147
2	237430481	237559671	Early	129191
2	238257553	239488182	Early	1230630
2	241259085	243091409	Early	1832325
3	61042	2551264	Late	2490223
3	4135621	5554977	Early	1419357
3	5984817	8354913	Late	2370097
3	8730983	8856937	Early	125955
3	8862138	10851826	Early	1989689
3	11020743	11388834	Early	368092
3	11531867	11945459	Early	413593
3	12306736	13813544	Early	1506809
3	14173755	18096455	Early	3922701
3	18684752	19611762	Late	927011
3	20428822	22594568	Late	2165747
3	22999279	24286525	Early	1287247
3	24618410	25339497	Late	721088
3	26227272	27245898	Late	1018627
3	27795482	30765752	Late	2970271
3	32126837	33991516	Early	1864680
3	34420457	36404194	Late	1983738
3	36705353	39764956	Early	3059604
3	41734882	42928535	Early	1193654
3	44473193	44567620	Early	94428
3	44752299	50978442	Early	6226144
3	51172951	53959592	Early	2786642
3	54358729	55205458	Late	846730
3	56392025	58750573	Early	2358549
3	60029954	60962406	Late	932453
3	61862602	65867080	Late	4004479
3	68063720	68740581	Late	676862
3	69739297	71183936	Late	1444640
3	71653483	73303049	Early	1649567
3	73763274	81460808	Late	7697535
3	82224662	87872232	Late	5647571
3	88336664	97273062	Late	8936399
3	97706464	98796803	Early	1090340
3	99703002	100283982	Early	580981
3	101092690	102017901	Early	925212
3	102349694	104286930	Late	1937237
3	104413915	104739047	Late	325133
3	105601736	106049403	Early	447668
3	106585941	106792912	Late	206972
3	107463500	108356229	Early	892730
3	108824822	111038857	Late	2214036
3	111476640	114359151	Early	2882512
3	116021910	118215168	Late	2193259
3	118540743	120172694	Early	1631952
3	120960564	123375888	Early	2415325
3	123986764	125756009	Early	1769246
3	126565855	129940894	Early	3375040
3	130188544	130851897	Early	663354
3	131905457	134179314	Early	2273858
3	134815562	135296872	Late	481311
3	135644095	136028850	Early	384756
3	136317999	136832995	Early	514997
3	137798729	137908197	Early	109469
3	138582306	138610579	Early	28274
3	139353884	139757842	Late	403959
3	140550008	142124001	Early	1573994
3	142405436	143643384	Early	1237949
3	144338675	148363697	Late	4025023
3	148760773	149226101	Early	465329
3	149842925	150802007	Early	959083
3	151480613	152516274	Early	1035662
3	153070259	155040927	Late	1970669
3	155391466	157252523	Early	1861058
3	159344145	160302185	Early	958041
3	161094664	167323789	Late	6229126
3	168112209	168740521	Late	628313
3	169118433	170445620	Early	1327188
3	170550278	172563735	Early	2013458
3	172893386	176393051	Late	3499666
3	176877475	177238661	Early	361187
3	178065582	179530534	Early	1464953
3	180064948	181339707	Late	1274760
3	182151763	184521912	Early	2370150
3	184662082	187075589	Early	2413508
3	188039849	188316548	Late	276700
3	188915714	190024210	Early	1108497
3	190733019	191227624	Early	494606
3	193457351	196625694	Early	3168344
3	196625703	197950761	Early	1325059
4	12008	109145	Late	97138
4	509942	3909901	Early	3399960
4	4182732	4405630	Early	222899
4	5927876	7827630	Early	1899755
4	7884735	8400707	Early	515973
4	9325021	9539119	Late	214099
4	9880467	10287487	Early	407021
4	10663550	10775672	Early	112123
4	11415630	14697685	Late	3282056
4	16334527	17276716	Late	942190
4	18338635	24349550	Late	6010916
4	24958112	26837523	Early	1879412
4	27298240	35643017	Late	8344778
4	35930174	36631573	Early	701400
4	37478575	41390483	Early	3911909
4	41966382	42823314	Early	856933
4	43159657	46928252	Late	3768596
4	47488514	48986876	Early	1498363
4	49107316	53135267	Late	4027952
4	53458183	53572669	Early	114487
4	55128695	55907681	Late	778987
4	58177962	67902673	Late	9724712
4	68360319	68613499	Early	253181
4	69367799	70791682	Late	1423884
4	71164884	72183903	Early	1019020
4	72456069	73711813	Late	1255745
4	74015495	74039470	Late	23976
4	76451026	77148809	Early	697784
4	77626166	78381281	Early	755116
4	79219066	80021886	Early	802821
4	80387687	80820336	Late	432650
4	81316157	81809726	Late	493570
4	81985991	82382768	Late	396778
4	82505525	82840160	Late	334636
4	83250116	84628184	Early	1378069
4	84971765	86214257	Late	1242493
4	87593365	88431689	Early	838325
4	89088165	89457303	Early	369139
4	90078139	95055053	Late	4976915
4	95448532	99414993	Late	3966462
4	101194960	101628561	Late	433602
4	103046295	104267582	Early	1221288
4	104643274	104749751	Late	106478
4	105816683	106829049	Early	1012367
4	107358251	108675208	Late	1316958
4	109730137	109965192	Late	235056
4	110552322	110914386	Early	362065
4	111069036	111243760	Early	174725
4	111613135	112371618	Late	758484
4	112718773	113918765	Early	1199993
4	114674691	114825372	Early	150682
4	115340834	119209886	Late	3869053
4	120654440	121734685	Late	1080246
4	122529570	122826768	Early	297199
4	123604066	123782652	Early	178587
4	124604037	128267173	Late	3663137
4	128528715	129329673	Early	800959
4	130222636	139332109	Late	9109474
4	139805466	140669963	Early	864498
4	142575115	143930605	Late	1355491
4	144699691	145382126	Late	682436
4	145999151	147562619	Early	1563469
4	148278150	149023461	Early	745312
4	149448198	150821964	Late	1373767
4	151574316	152373829	Early	799514
4	152638618	154920914	Early	2282297
4	155425873	159324411	Late	3898539
4	160593070	164068829	Late	3475760
4	164952313	165574331	Late	622019
4	166515110	169290238	Late	2775129
4	169789006	170512725	Early	723720
4	171070909	173642156	Late	2571248
4	173921901	174409896	Early	487996
4	174793463	175127421	Late	333959
4	175226133	176988152	Late	1762020
4	177234706	183679567	Late	6444862
4	183872465	184123434	Late	250970
4	184674028	186743742	Early	2069715
4	187216182	191028782	Late	3812601
5	20111	1948753	Early	1928643
5	2213506	4956984	Late	2743479
5	5176286	6202235	Late	1025950
5	6626443	6749103	Early	122661
5	7063061	8983157	Late	1920097
5	10014332	10984433	Early	970102
5	11346071	13576170	Late	2230100
5	13885002	14909569	Early	1024568
5	15282267	17162880	Late	1880614
5	17494591	31310575	Late	13815985
5	31808120	32907559	Early	1099440
5	33367407	34275261	Early	907855
5	35900262	35955793	Early	55532
5	36525515	37770632	Early	1245118
5	38266127	38837241	Late	571115
5	39286356	40285361	Late	999006
5	41855289	42024438	Early	169150
5	42634453	43851797	Early	1217345
5	44184150	49660172	Late	5476023
5	50187247	51906512	Late	1719266
5	52534305	53043351	Late	509047
5	53169812	53505421	Late	335610
5	54486020	55175817	Early	689798
5	55217461	55324721	Early	107261
5	56322555	56415916	Early	93362
5	56829985	58150432	Late	1320448
5	59485950	60223111	Early	737162
5	60422888	60581928	Early	159041
5	61109162	62061326	Early	952165
5	62399931	63487957	Late	1088027
5	63859862	65756525	Early	1896664
5	66438961	66506886	Early	67926
5	67331351	69124524	Early	1793174
5	69243522	69806727	Early	563206
5	70374200	70722468	Early	348269
5	70922806	71136282	Early	213477
5	71179564	72109128	Early	929565
5	74430239	76238179	Early	1807941
5	76990370	78929993	Early	1939624
5	79051592	79107652	Early	56061
5	79352846	79628626	Early	275781
5	79840786	79947609	Early	106824
5	80189294	81480935	Early	1291642
5	82983352	85837825	Late	2854474
5	86145167	86812355	Early	667189
5	87938699	88934962	Early	996264
5	90484686	90681622	Early	196937
5	91025603	92754898	Late	1729296
5	93122417	93261761	Late	139345
5	94300319	96843397	Early	2543079
5	97470269	97562912	Late	92644
5	98000156	98619535	Early	619380
5	98944419	99560706	Late	616288
5	99907354	100287910	Early	380557
5	100693558	101692531	Late	998974
5	102862673	106475887	Late	3613215
5	107875094	107966961	Early	91868
5	109288430	109779647	Late	491218
5	110235050	111007754	Early	772705
5	111769405	112701510	Early	932106
5	113105586	114128872	Late	1023287
5	114489986	115431511	Early	941526
5	116512544	117615625	Late	1103082
5	117959119	119164195	Early	1205077
5	119515102	121526763	Late	2011662
5	122711419	122826338	Early	114920
5	123244906	123647444	Late	402539
5	124670244	125277654	Late	607411
5	125586337	126676926	Early	1090590
5	126985528	127301418	Early	315891
5	127741213	129779797	Late	2038585
5	130154130	134833057	Early	4678928
5	135667711	136286302	Late	618592
5	136651366	140257923	Early	3606558
5	140969381	141444181	Early	474801
5	141461768	141655021	Early	193254
5	141824635	143611329	Early	1786695
5	143898820	145025405	Late	1126586
5	145353041	145805714	Early	452674
5	146191217	147884865	Late	1693649
5	148623592	151601866	Early	2978275
5	151956894	152945764	Late	988871
5	153290994	154431561	Early	1140568
5	154746030	155719936	Late	973907
5	156156405	157556034	Early	1399630
5	158407936	158738041	Early	330106
5	159293862	160246349	Early	952488
5	160862454	162677409	Late	1814956
5	163157340	167288090	Late	4130751
5	167648551	168136319	Early	487769
5	168787293	170174561	Early	1387269
5	171001172	173670253	Early	2669082
5	174074970	174806787	Late	731818
5	175459925	177870293	Early	2410369
5	178304260	178394354	Late	90095
5	178666919	179513227	Early	846309
5	179973472	180904399	Early	930928
6	92128	976879	Early	884752
6	1316822	1810139	Early	493318
6	2467413	3653730	Early	1186318
6	4715979	5254249	Early	538271
6	5577607	6012447	Early	434841
6	6107157	8120711	Early	2013555
6	8510705	9973750	Late	1463046
6	10304029	12580462	Early	2276434
6	12697290	14632067	Early	1934778
6	14764598	17117122	Early	2352525
6	18583808	19931684	Late	1347877
6	21211656	21376988	Early	165333
6	22567648	23993863	Late	1426216
6	24317223	25458856	Early	1141634
6	26268151	26630975	Early	362825
6	29495441	39168572	Early	9673132
6	39531713	39694717	Late	163005
6	39889835	40383541	Late	493707
6	41034008	44699187	Early	3665180
6	45082148	45312921	Late	230774
6	46423969	46656785	Late	232817
6	47118427	47708710	Early	590284
6	48059116	51280400	Late	3221285
6	51613768	53402288	Early	1788521
6	53823863	55831320	Late	2007458
6	56123996	57130678	Early	1006683
6	57267765	58076782	Late	809018
6	58179209	63710764	Late	5531556
6	63981378	64426608	Early	445231
6	64890226	69874706	Late	4984481
6	70307729	70672549	Early	364821
6	71925088	72955343	Late	1030256
6	73716993	74755069	Early	1038077
6	75076247	75160480	Late	84234
6	75194797	75702165	Late	507369
6	76765460	79465906	Late	2700447
6	80476221	80617832	Late	141612
6	80831443	82917838	Late	2086396
6	83235424	83302904	Late	67481
6	83452470	83488074	Late	35605
6	83793255	83805931	Late	12677
6	84326326	85687718	Late	1361393
6	86016830	86558231	Early	541402
6	86985360	87161288	Late	175929
6	87478803	89388426	Early	1909624
6	89537340	90684981	Early	1147642
6	91369495	97035663	Late	5666169
6	97763140	99280573	Late	1517434
6	99670898	99884721	Early	213824
6	100486602	100697328	Late	210727
6	101063116	105189382	Late	4126267
6	105707727	109152398	Early	3444672
6	109543131	109788567	Early	245437
6	110588855	112497107	Early	1908253
6	113717747	114372390	Early	654644
6	114729988	115770700	Late	1040713
6	116121671	117230739	Early	1109069
6	118816581	119474256	Early	657676
6	120197290	125468517	Late	5271228
6	125966977	126622246	Early	655270
6	127124337	127381025	Late	256689
6	127949984	129371920	Late	1421937
6	129645275	130590734	Early	945460
6	132008697	132138289	Late	129593
6	133452583	133980233	Late	527651
6	134387331	134751020	Early	363690
6	134893745	136123788	Early	1230044
6	136705258	139477831	Early	2772574
6	140141526	142355259	Late	2213734
6	142789117	144872939	Early	2083823
6	146512406	148427123	Late	1914718
6	148806731	150464752	Early	1658022
6	152819921	154403008	Late	1583088
6	154959672	155027884	Early	68213
6	155149336	155886824	Early	737489
6	156614605	157465628	Early	851024
6	157956648	160541806	Early	2585159
6	161913087	163599403	Late	1686317
6	164512215	166184983	Late	1672769
6	166565216	167838851	Early	1273636
6	168549098	170041204	Late	1492107
7	13308	3304137	Early	3290830
7	3625269	4424808	Late	799540
7	4767640	6975986	Early	2208347
7	7417610	8620407	Early	1202798
7	8928248	10872386	Late	1944139
7	11104719	16643627	Late	5538909
7	17082253	17315343	Early	233091
7	19137295	19619971	Late	482677
7	21916409	24053128	Early	2136720
7	24262238	25510035	Early	1247798
7	25761102	26463412	Early	702311
7	28401580	28783128	Early	381549
7	29789146	31082692	Early	1293547
7	31472358	32037211	Late	564854
7	32803896	33230866	Early	426971
7	33828820	34884174	Late	1055355
7	35295672	36885736	Early	1590065
7	37266831	38624727	Early	1357897
7	39428807	39975288	Early	546482
7	40442961	41710764	Late	1267804
7	42092256	42767424	Late	675169
7	43292358	45752312	Early	2459955
7	46213500	47089003	Late	875504
7	48415104	49453776	Late	1038673
7	49818260	50923759	Early	1105500
7	51316161	54923598	Late	3607438
7	55246494	55925192	Early	678699
7	56370552	61080053	Late	4709502
7	61237984	61968967	Late	730984
7	61969315	61976235	Late	6921
7	62078037	64542005	Late	2463969
7	65056577	66966272	Early	1909696
7	67270686	68624379	Late	1353694
7	68900770	69170555	Early	269786
7	70457793	71656975	Late	1199183
7	71925353	77741898	Early	5816546
7	78056239	85979744	Late	7923506
7	86355478	87637020	Early	1281543
7	88188315	89581649	Late	1393335
7	90088577	90211100	Early	122524
7	91413120	92809764	Early	1396645
7	93354699	93423826	Late	69128
7	94425070	95032660	Late	607591
7	95192427	97277611	Late	2085185
7	97618008	103181044	Early	5563037
7	104131618	106400077	Early	2268460
7	107155192	107466153	Early	310962
7	108439406	111101606	Late	2662201
7	111424817	111627201	Late	202385
7	112733660	113992695	Late	1259036
7	115088014	115406527	Late	318514
7	115777075	117145457	Early	1368383
7	117821564	119466832	Late	1645269
7	121448882	123151216	Late	1702335
7	123599809	126169900	Late	2570092
7	127096324	127388005	Early	291682
7	127511140	131397411	Early	3886272
7	133238261	133533416	Late	295156
7	134299853	135526606	Early	1226754
7	136002088	137067245	Late	1065158
7	137408721	137521429	Early	112709
7	138391637	140410963	Early	2019327
7	142475717	142584908	Early	109192
7	144720650	147752810	Late	3032161
7	148090298	151597515	Early	3507218
7	152170800	152482108	Early	311309
7	152782773	154571348	Late	1788576
7	155077877	155354966	Early	277090
7	156623551	157405482	Early	781932
7	157928277	158042429	Late	114153
7	158372325	158771175	Early	398851
7	159049455	159127351	Late	77897
8	236607	5842279	Late	5605673
8	6138782	7660775	Early	1521994
8	8004339	9171509	Early	1167171
8	10631245	12558895	Early	1927651
8	13044099	17707682	Late	4663584
8	18146214	19359273	Late	1213060
8	19833195	21281547	Late	1448353
8	21557067	23382849	Early	1825783
8	23814969	25039950	Late	1224982
8	25510232	25724542	Late	214311
8	26065325	26142188	Early	76864
8	27163207	30909857	Early	3746651
8	31302994	32899533	Late	1596540
8	33284004	33542820	Early	258817
8	33770082	36936128	Late	3166047
8	37320426	39194705	Early	1874280
8	39895725	40836042	Late	940318
8	41329096	43043939	Early	1714844
8	43421867	43726959	Late	305093
8	46845368	47873896	Late	1028529
8	48531647	49138622	Early	606976
8	49524874	52364591	Late	2839718
8	53380490	54189410	Late	808921
8	54597332	55261265	Early	663934
8	55622644	55764865	Late	142222
8	56227281	57356022	Early	1128742
8	57700389	58589597	Late	889209
8	59624943	59682287	Early	57345
8	61112844	62408744	Early	1295901
8	62840700	63964255	Late	1123556
8	64301029	65253775	Late	952747
8	66283034	67955197	Early	1672164
8	68615970	70315472	Late	1699503
8	70849112	71093482	Early	244371
8	71143580	71782380	Early	638801
8	72681512	72837203	Early	155692
8	72972525	73126484	Early	153960
8	74130034	75146455	Early	1016422
8	75472961	77295587	Late	1822627
8	78051383	79397240	Late	1345858
8	80533832	82466189	Early	1932358
8	82918734	85745164	Late	2826431
8	86447324	87474281	Late	1026958
8	87653113	90227408	Late	2574296
8	90570655	91194869	Early	624215
8	92460514	94332413	Late	1871900
8	94668703	96771294	Early	2102592
8	97562017	97780801	Late	218785
8	98120211	100288587	Early	2168377
8	100682407	104519740	Early	3837334
8	105999527	107387183	Late	1387657
8	107925433	109233683	Late	1308251
8	109441018	109864420	Late	423403
8	110911889	117298266	Late	6386378
8	117779034	117936392	Early	157359
8	119964566	120380211	Late	415646
8	121108366	123340237	Late	2231872
8	123620726	124758341	Early	1137616
8	125186387	126901728	Early	1715342
8	127721246	129605393	Early	1884148
8	130519684	131685058	Early	1165375
8	132036194	132981422	Late	945229
8	133017268	133821263	Late	803996
8	135678122	135866743	Early	188622
8	136318313	140408231	Late	4089919
8	140684650	142972150	Early	2287501
8	143491930	144007427	Early	515498
8	144093162	146239722	Early	2146561
9	11487	620924	Early	609438
9	1570925	2450827	Early	879903
9	3671658	3864702	Early	193045
9	3964872	7304553	Early	3339682
9	7620486	14454863	Late	6834378
9	15150258	15873715	Early	723458
9	16530797	17116883	Late	586087
9	17145921	18472782	Late	1326862
9	18821540	19711104	Early	889565
9	20222992	21550521	Early	1327530
9	22278550	26588436	Late	4309887
9	27768813	32079151	Late	4310339
9	32564763	38314059	Early	5749297
9	38728645	39476623	Late	747979
9	40492537	40911141	Late	418605
9	41457635	41561971	Late	104337
9	42075688	42220478	Late	144791
9	43315238	44442484	Late	1127247
9	44740379	44906986	Late	166608
9	45352403	45610555	Early	258153
9	45883023	46144438	Late	261416
9	47027889	47036351	Late	8463
9	47204493	66346645	Late	19142153
9	66530513	66595870	Early	65358
9	67522706	67532395	Late	9690
9	67938719	68780025	Late	841307
9	69181902	69274490	Early	92589
9	69330122	69348103	Late	17982
9	70559966	70730885	Late	170920
9	70836084	72048855	Early	1212772
9	73352626	74309107	Late	956482
9	74330012	74506446	Late	176435
9	75916727	77289641	Late	1372915
9	77974031	78455234	Late	481204
9	78831962	79576619	Early	744658
9	79960477	80026145	Late	65669
9	80157155	80596694	Late	439540
9	81083041	85864352	Late	4781312
9	86426819	86639739	Early	212921
9	89257826	89663203	Late	405378
9	90617752	91118223	Late	500472
9	91588681	92847352	Early	1258672
9	93276556	93955852	Early	679297
9	94582085	96439193	Early	1857109
9	96822420	97783407	Early	960988
9	98113649	98706838	Early	593190
9	99758700	102923111	Early	3164412
9	103135564	103292714	Early	157151
9	103628115	107305880	Late	3677766
9	108157114	108539031	Early	381918
9	108892385	109695882	Late	803498
9	110434368	111230253	Late	795886
9	111595043	113274741	Early	1679699
9	114091404	117590203	Early	3498800
9	118284538	119060934	Late	776397
9	119139379	119291098	Late	151720
9	120116738	122574597	Late	2457860
9	122955849	124659200	Early	1703352
9	125209334	129028318	Early	3818985
9	129168323	137784485	Early	8616163
9	138513720	140992105	Early	2478386
10	426834	1415603	Early	988770
10	1917490	2951051	Late	1033562
10	3738843	3998221	Early	259379
10	4448082	4956639	Late	508558
10	5343838	6696971	Early	1353134
10	7072054	7908763	Early	836710
10	8442505	10479156	Late	2036652
10	10838066	15331456	Early	4493391
10	15912135	16271806	Late	359672
10	17780663	17966063	Late	185401
10	18223823	21250049	Late	3026227
10	21527616	21932320	Early	404705
10	22407937	23363505	Early	955569
10	23853522	24283565	Late	430044
10	25479051	25937397	Late	458347
10	26278151	27765484	Early	1487334
10	28110343	28571318	Late	460976
10	28973454	29480445	Late	506992
10	30206752	31558337	Early	1351586
10	31862943	32682752	Early	819810
10	33600319	34644755	Late	1044437
10	35078341	35748767	Early	670427
10	36166347	42385071	Late	6218725
10	42385414	42393710	Late	8297
10	42393711	42396035	Late	2325
10	42396309	42401990	Late	5682
10	42597064	42599695	Late	2632
10	42599781	43232218	Late	632438
10	43519721	44060921	Early	541201
10	45337902	46352517	Early	1014616
10	46654290	46884209	Late	229920
10	47908104	48039332	Early	131229
10	48893942	49054587	Late	160646
10	49349795	50953194	Early	1603400
10	51597789	52635626	Early	1037838
10	53007086	59809313	Late	6802228
10	60387702	60485774	Late	98073
10	62218761	62962153	Late	743393
10	63443634	65891317	Early	2447684
10	66177846	69210167	Late	3032322
10	69464608	77327363	Early	7862756
10	77740562	78727835	Late	987274
10	79408992	79810205	Early	401214
10	80574629	81298085	Early	723457
10	81379134	81405909	Early	26776
10	81412423	81433544	Early	21122
10	81451013	81461312	Early	10300
10	81679861	81987678	Early	307818
10	81989170	81995131	Early	5962
10	81996967	82450575	Early	453609
10	82838642	85357581	Late	2518940
10	85774908	86192499	Early	417592
10	86608874	87491117	Late	882244
10	87788918	89025700	Early	1236783
10	89028237	89053936	Early	25700
10	89059996	89078396	Early	18401
10	89079869	89095868	Early	16000
10	89096913	91800113	Early	2703201
10	92447933	93225066	Early	777134
10	93526333	94957787	Early	1431455
10	96593974	99835821	Early	3241848
10	100023425	100249533	Early	226109
10	101147842	106087954	Early	4940113
10	106593401	108599129	Late	2005729
10	108810451	111041848	Late	2231398
10	111330850	113142539	Early	1811690
10	115293478	116840463	Early	1546986
10	117170898	118928672	Late	1757775
10	119608708	119860645	Late	251938
10	120332121	121950340	Early	1618220
10	122435814	122528359	Late	92546
10	122744267	123298523	Late	554257
10	124540655	126879572	Early	2338918
10	127537549	127697326	Late	159778
10	127843312	129548430	Late	1705119
10	129818549	129910473	Early	91925
10	130272845	131761463	Late	1488619
10	131937536	133569027	Late	1631492
10	133924622	134373056	Early	448435
10	134664363	135351692	Early	687330
11	110995	2500000	Early	2389006
11	2677167	4348883	Early	1671717
11	4795465	5142005	Late	346541
11	5695119	7882450	Early	2187332
11	8162033	11124040	Early	2962008
11	12084506	12236671	Early	152166
11	14192980	14619967	Early	426988
11	15227466	16402731	Late	1175266
11	16683497	19670501	Early	2987005
11	20740149	22170522	Late	1430374
11	22922032	27148156	Late	4226125
11	27937593	31584965	Late	3647373
11	32633625	36477573	Early	3843949
11	36980767	43085352	Late	6104586
11	43914094	43982030	Early	67937
11	44266919	45057097	Early	790179
11	45393742	48333550	Early	2939809
11	48765921	51484351	Late	2718431
11	54698930	56601697	Late	1902768
11	56895228	57856517	Early	961290
11	58427633	69207390	Early	10779758
11	69951812	70561713	Early	609902
11	70964363	78518077	Early	7553715
11	78975210	81924106	Late	2948897
11	82210251	83353092	Early	1142842
11	83777673	84911467	Late	1133795
11	85303412	86681987	Early	1378576
11	87755198	88390620	Early	635423
11	88784823	92674439	Late	3889617
11	94514306	96508565	Early	1994260
11	96838559	100436158	Late	3597600
11	100661358	101436094	Late	774737
11	101743790	102932028	Early	1188239
11	103241052	103426723	Late	185672
11	103910723	106955860	Late	3045138
11	107483389	108958244	Early	1474856
11	109424197	112580596	Early	3156400
11	115504168	121841387	Early	6337220
11	122359793	123625454	Early	1265662
11	124595885	124833331	Early	237447
11	124859799	125526046	Early	666248
11	125749766	126464250	Early	714485
11	126884410	127538186	Late	653777
11	127870525	128921791	Early	1051267
11	129748605	130093705	Early	345101
11	130715045	131411519	Late	696475
11	132479160	133596244	Late	1117085
11	134674161	134945475	Late	271315
12	146542	2297095	Early	2150554
12	3014018	3113586	Early	99569
12	3857154	5209585	Early	1352432
12	5936566	7624334	Early	1687769
12	7870997	11029594	Early	3158598
12	11284483	13403858	Early	2119376
12	14323763	14464545	Early	140783
12	14733742	15230827	Early	497086
12	16364482	19559774	Late	3195293
12	19701604	22562657	Late	2861054
12	22875228	24315319	Late	1440092
12	24699837	25710607	Early	1010771
12	26004543	28221609	Early	2217067
12	28496330	28626040	Late	129711
12	28829054	29106004	Late	276951
12	29575980	30667994	Late	1092015
12	31079046	32403372	Early	1324327
12	33111110	39433473	Late	6322364
12	41141250	42030765	Late	889516
12	42335708	43043579	Early	707872
12	43352755	43596616	Late	243862
12	44107763	44346957	Early	239195
12	45803663	46158094	Early	354432
12	46232445	47067462	Early	835018
12	47677324	55384558	Early	7707235
12	55782898	58652551	Early	2869654
12	58986602	62375871	Late	3389270
12	62896585	63225934	Early	329350
12	63584070	64040330	Late	456261
12	64701944	65504264	Early	802321
12	66397044	66708937	Early	311894
12	68412147	70065606	Early	1653460
12	70584145	70733275	Late	149131
12	70984582	71664080	Late	679499
12	71961919	72081177	Early	119259
12	72591211	75645948	Late	3054738
12	76386220	76685920	Early	299701
12	77664617	79911224	Late	2246608
12	81371559	89347104	Late	7975546
12	89773454	90533113	Early	759660
12	90881428	91598345	Late	716918
12	92111389	96051050	Early	3939662
12	96179900	97242718	Early	1062819
12	98147592	98228109	Late	80518
12	98620662	99300172	Early	679511
12	99673464	100141881	Late	468418
12	101761168	103195651	Early	1434484
12	103743039	105961961	Early	2218923
12	106978420	107214150	Early	235731
12	107253444	107307514	Early	54071
12	108285643	114299973	Early	6014331
12	114671593	115752581	Late	1080989
12	116602882	117757084	Early	1154203
12	118245366	118662999	Early	417634
12	120001705	125950152	Early	5948448
12	126258066	128835885	Late	2577820
12	129200428	129352035	Early	151608
12	129772409	131006700	Late	1234292
12	131892216	133512984	Early	1620769
13	19021215	19775895	Late	754681
13	20360852	20582555	Early	221704
13	20813607	21353028	Early	539422
13	21446223	22025249	Early	579027
13	22810831	23310908	Late	500078
13	23784217	25913319	Early	2129103
13	26298996	26633327	Late	334332
13	27413047	28118050	Early	705004
13	28462348	29016412	Early	554065
13	30253242	31692609	Early	1439368
13	32548197	34546387	Early	1998191
13	34905038	37380450	Late	2475413
13	37684130	39526811	Late	1842682
13	39802795	39992711	Late	189917
13	40651354	43957488	Early	3306135
13	45277716	47578947	Early	2301232
13	48594909	50616562	Early	2021654
13	51261703	52697871	Early	1436169
13	53575500	60594082	Late	7018583
13	61208291	73520828	Late	12312538
13	73893806	73951629	Late	57824
13	75685945	76555124	Early	869180
13	77291009	78395653	Early	1104645
13	79176565	79293681	Late	117117
13	79808925	79905392	Early	96468
13	80508172	91637067	Late	11128896
13	92347490	94945344	Late	2597855
13	95835393	96295467	Early	460075
13	96866123	97576885	Late	710763
13	99017874	100749606	Early	1731733
13	101582570	102905034	Late	1322465
13	103299454	103496125	Early	196672
13	104019142	110602896	Late	6583755
13	110952939	111905265	Early	952327
13	112505845	112787317	Late	281473
13	113221016	115109004	Early	1887989
14	19000646	20426444	Late	1425799
14	20571427	25283321	Early	4711895
14	25612488	30686871	Late	5074384
14	31105558	32079784	Early	974227
14	33201121	34113369	Late	912249
14	34673423	36509587	Early	1836165
14	36856976	39042572	Late	2185597
14	39338254	40041151	Early	702898
14	40488875	45110757	Late	4621883
14	45995969	49442189	Late	3446221
14	49698981	54086503	Early	4387523
14	54561820	56124580	Early	1562761
14	56624694	57592759	Late	968066
14	57943240	58213702	Late	270463
14	58566996	58652161	Early	85166
14	59405941	59886051	Early	480111
14	60257017	61164710	Early	907694
14	61466849	62638718	Early	1171870
14	62958571	63323931	Late	365361
14	63675769	66987023	Early	3311255
14	67463190	78541256	Early	11078067
14	78973475	81278161	Late	2304687
14	82193199	88146049	Late	5952851
14	89433501	90624455	Early	1190955
14	90798392	95078854	Early	4280463
14	95348899	97175965	Early	1827067
14	97975853	99567740	Late	1591888
14	99973616	101274485	Early	1300870
14	101912685	106317975	Early	4405291
14	106430238	107288014	Early	857777
15	20000587	22594086	Late	2593500
15	22781123	23348607	Early	567485
15	23487959	23513157	Late	25199
15	23679440	28326942	Late	4647503
15	28492140	28685537	Late	193398
15	29042847	30377593	Late	1334747
15	30767073	32121002	Early	1353930
15	32859337	32987132	Early	127796
15	34028079	35396673	Early	1368595
15	36028231	36961414	Late	933184
15	37292511	38153162	Late	860652
15	38744512	39183441	Early	438930
15	39792033	46037045	Early	6245013
15	46288901	48113948	Late	1825048
15	48673414	48754921	Early	81508
15	48952414	49037262	Early	84849
15	50298942	53362304	Early	3063363
15	53705872	55135287	Late	1429416
15	56320527	57362057	Early	1041531
15	57580605	57714252	Early	133648
15	58458362	61192511	Early	2734150
15	63058416	69016188	Early	5957773
15	69790377	71061681	Early	1271305
15	71875285	73140753	Early	1265469
15	73906033	81812197	Early	7906165
15	82291176	82676552	Early	385377
15	82952177	83999846	Early	1047670
15	84501911	86574883	Early	2072973
15	86865391	88571050	Late	1705660
15	89011261	91993737	Early	2982477
15	92833478	93884523	Early	1051046
15	94216596	96474651	Late	2258056
15	96682397	98996015	Late	2313619
15	99404966	100677502	Early	1272537
15	101150984	102200012	Early	1049029
15	102418855	102520858	Early	102004
16	62688	5308436	Early	5245749
16	5668172	8267599	Late	2599428
16	8535800	9548474	Early	1012675
16	10026785	13060586	Early	3033802
16	13770363	16833500	Early	3063138
16	16986952	17694704	Early	707753
16	18285323	19406395	Early	1121073
16	20780479	22791703	Early	2011225
16	23087557	25604979	Early	2517423
16	26013953	26472950	Late	458998
16	26749106	31610315	Early	4861210
16	31999399	35284041	Late	3284643
16	46505426	47415089	Early	909664
16	47997915	48792944	Early	795030
16	49426652	51213707	Early	1787056
16	51494571	52654553	Late	1159983
16	53307046	53689838	Early	382793
16	54481001	55783558	Late	1302558
16	56223622	58851617	Early	2627996
16	59179371	65815857	Late	6636487
16	66197959	70975604	Early	4777646
16	71288922	72457992	Early	1169071
16	73061860	73213540	Early	151681
16	74242476	75978225	Early	1735750
16	76272816	77855931	Late	1583116
16	78225371	79081032	Late	855662
16	80376216	82338752	Early	1962537
16	82881471	83483495	Late	602025
16	83895325	86704397	Early	2809073
16	87135020	90292995	Early	3157976
17	7406	2966255	Early	2958850
17	3035094	5720742	Early	2685649
17	6242666	9498970	Early	3256305
17	9543189	10157087	Early	613899
17	10846025	11846660	Late	1000636
17	12935124	15215192	Late	2280069
17	15685605	20715017	Early	5029413
17	20747626	21185744	Early	438119
17	21485054	22152817	Late	667764
17	25263517	25316107	Late	52591
17	25411619	31542087	Early	6130469
17	32888220	34461158	Early	1572939
17	34567166	34603807	Late	36642
17	34816197	36253677	Early	1437481
17	36264040	36279358	Early	15319
17	36345625	39098753	Early	2753129
17	39427062	49642763	Early	10215702
17	49954908	52868255	Late	2913348
17	53262405	53742041	Early	479637
17	54577745	58996457	Early	4418713
17	59354597	60986381	Early	1631785
17	61293565	63580414	Early	2286850
17	64096240	64129272	Late	33033
17	64821853	66037862	Early	1216010
17	66146328	67554078	Early	1407751
17	68003590	69770820	Late	1767231
17	70896277	71564770	Early	668494
17	72069201	77392457	Early	5323257
17	77605984	81051078	Early	3445095
18	69587	137209	Late	67623
18	450173	935860	Early	485688
18	1250286	1867583	Late	617298
18	2226051	3497102	Early	1271052
18	3954920	5637857	Late	1682938
18	6676394	8219780	Late	1543387
18	8589268	10205444	Early	1616177
18	10324393	11177086	Early	852694
18	11872285	13969131	Early	2096847
18	14393139	15410237	Late	1017099
18	18950621	19525804	Early	575184
18	20263418	21996252	Early	1732835
18	22348722	23098258	Late	749537
18	23562627	24204551	Early	641925
18	24601819	28495660	Late	3893842
18	29022027	29761279	Early	739253
18	30152668	32321976	Late	2169309
18	34470038	34797492	Late	327455
18	35112395	41787235	Late	6674841
18	42501136	42711009	Early	209874
18	43131774	44152493	Early	1020720
18	45753804	48692431	Early	2938628
18	49458872	51094261	Late	1635390
18	51422591	52306616	Early	884026
18	53463196	53830219	Late	367024
18	55229191	55422615	Early	193425
18	55515498	57007405	Early	1491908
18	57089809	58005300	Early	915492
18	58289117	59275593	Late	986477
18	59832504	61694001	Early	1861498
18	62015922	67075488	Late	5059567
18	68274797	71782773	Late	3507977
18	73220558	73862354	Late	641797
18	74614488	74954827	Early	340340
18	75322040	76503146	Late	1181107
18	77175467	77726993	Early	551527
19	174929	8966765	Early	8791837
19	9688225	20030387	Early	10342163
19	20347407	24619795	Late	4272389
19	27740070	29583897	Late	1843828
19	29920530	30663298	Early	742769
19	31086667	32641583	Late	1554917
19	33064973	33859927	Early	794955
19	34228769	36836553	Early	2607785
19	38217747	43487397	Early	5269651
19	43754088	44632524	Early	878437
19	44923228	52402595	Early	7479368
19	53755686	53834900	Late	79215
19	54474520	55261210	Early	786691
19	55372740	56410370	Early	1037631
19	56474478	56732649	Early	258172
19	57798372	57946472	Early	148101
19	58508469	59109211	Early	600743
20	61292	2174272	Early	2112981
20	2374081	6240144	Early	3866064
20	6576054	10194144	Late	3618091
20	10861053	12950549	Late	2089497
20	13395999	13860121	Early	464123
20	14166429	15195852	Late	1029424
20	15360765	17087523	Late	1726759
20	17366316	18788006	Early	1421691
20	20323896	20390262	Early	66367
20	20596959	20886166	Early	289208
20	21713255	22742769	Late	1029515
20	23860378	24506321	Late	645944
20	24862452	25587674	Early	725223
20	25892173	29653685	Late	3761513
20	29928237	37915227	Early	7986991
20	39137486	40470795	Early	1333310
20	40842094	41502302	Late	660209
20	41842051	50140622	Early	8298572
20	51072610	51367343	Late	294734
20	51729881	53033699	Early	1303819
20	53348099	54532416	Late	1184318
20	54834860	55471102	Early	636243
20	55509944	58009166	Early	2499223
20	58490894	60056265	Late	1565372
20	60335779	62963793	Early	2628015
21	10698094	15263079	Late	4564986
21	15725144	16106700	Early	381557
21	17065777	18746484	Late	1680708
21	19424657	25999168	Late	6574512
21	26338672	27395202	Early	1056531
21	27734522	29813305	Late	2078784
21	30082640	30998414	Early	915775
21	31331678	32361752	Late	1030075
21	32427435	32508979	Late	81545
21	33811579	36731054	Early	2919476
21	37184440	39116551	Early	1932112
21	40597476	40870657	Early	273182
21	41185003	42354202	Late	1169200
21	42607728	48119659	Early	5511932
22	16051700	17276227	Late	1224528
22	17500337	18621214	Early	1120878
22	18982121	27491655	Early	8509535
22	28872969	32685692	Early	3812724
22	33467053	33830383	Early	363331
22	35209884	44843287	Early	9633404
22	45104934	47661328	Early	2556395
22	48071891	48175544	Late	103654
22	48718667	48834492	Late	115826
22	49080628	49380405	Late	299778
