MutationType	SBS-ganciclovir	SBS-RT
A[C>A]A	0.0647875669445995	0.000131475122145628
A[C>A]C	0.000216117105604056	0.0093007271955159
A[C>A]G	2.49774174832439e-05	6.7896366148262e-05
A[C>A]T	3.80442418628597e-05	9.18666843413266e-06
C[C>A]A	0.632803047879587	0.0022346865242059
C[C>A]C	8.39311887519322e-05	0.00015878999849792
C[C>A]G	0.000504359613938366	6.09421897746182e-06
C[C>A]T	0.00155145011717428	0.000179315570734525
G[C>A]A	0.125322531940768	0.000171580987449484
G[C>A]C	0.0113703814546652	6.91051917214373e-05
G[C>A]G	0.00681566497744383	1.24281032779619e-05
G[C>A]T	0.0202873860758979	0.000406671600725938
T[C>A]A	0.0797716320683139	0.00912050248813987
T[C>A]C	0.000317678692656112	1.07910131104655e-05
T[C>A]G	4.08255035434036e-05	6.48437339904587e-06
T[C>A]T	5.01153166524639e-05	2.53100921095853e-05
A[C>G]A	0.000130344836668443	0.000128162455836503
A[C>G]C	2.49631659826869e-05	0.00162561715165659
A[C>G]G	5.17197310594498e-06	0.000306687314442126
A[C>G]T	9.72499097595544e-05	0.00362583458260765
C[C>G]A	5.18625309921824e-05	0.0700035204708745
C[C>G]C	0.000330479505810636	0.00290712497941612
C[C>G]G	1.32279134235662e-05	1.76319779430529e-05
C[C>G]T	6.17028650375988e-05	0.015553291717293
G[C>G]A	0.00925191009595961	0.0176769375200062
G[C>G]C	0.00104606990987693	2.26107739074486e-05
G[C>G]G	3.99298468276376e-05	0.000164477857142656
G[C>G]T	0.000487049429074797	0.0079899065689069
T[C>G]A	0.000879197946284024	0.0341098087443677
T[C>G]C	0.000476877177564471	0.011485718708216
T[C>G]G	0.000405049285562008	4.62027727864419e-05
T[C>G]T	9.76257901413645e-05	0.0155912018798635
A[C>T]A	4.75742834185588e-05	2.78813591853733e-05
A[C>T]C	2.06385532517682e-05	9.55092253119103e-05
A[C>T]G	0.00101541324065965	6.13212918309291e-05
A[C>T]T	0.000171293186161325	9.15054858438827e-05
C[C>T]A	0.000161630207612008	0.00629838898689697
C[C>T]C	0.00624248604382669	0.000518481321347547
C[C>T]G	0.00137046407341039	0.0015734634936573
C[C>T]T	0.00150660447898637	4.92456835780937e-05
G[C>T]A	0.000322512413844993	0.00514668482474368
G[C>T]C	0.000273471394230243	6.40947966255106e-06
G[C>T]G	5.29587896900683e-05	0.0182496883033797
G[C>T]T	3.70203749490777e-05	0.000103241290645312
T[C>T]A	0.000205262521752237	0.00551764756503545
T[C>T]C	0.000418765032327756	5.30978000838038e-05
T[C>T]G	8.38778129477954e-05	6.28250619364955e-05
T[C>T]T	0.000560880107934614	0.00482574813366839
A[T>A]A	0.000994274146333015	0.0871078417128399
A[T>A]C	7.04942985251033e-05	3.58300005616667e-05
A[T>A]G	6.4093630604097e-05	1.25131209634999e-05
A[T>A]T	0.000195658642237046	0.00249104853013469
C[T>A]A	0.0161751742398165	0.0494007526998216
C[T>A]C	8.23452340327362e-05	0.00391839953070645
C[T>A]G	0.00352501087857441	2.59811544899481e-05
C[T>A]T	0.000367002139502852	0.0232994389901762
G[T>A]A	0.000679381345223711	0.0662606861506577
G[T>A]C	0.000108815400705203	5.0902872522756e-06
G[T>A]G	7.33782368650273e-05	9.43493395581499e-06
G[T>A]T	0.000283601906306251	0.0257424457363386
T[T>A]A	0.000589790575588479	0.0946718277961747
T[T>A]C	0.0002156854559372	0.00530217209346289
T[T>A]G	4.05623901138571e-05	1.25714578364189e-05
T[T>A]T	8.37254307834592e-05	0.0595252102906322
A[T>C]A	3.11316941344748e-05	0.0474766975728562
A[T>C]C	0.000147046429149447	0.000186328115033734
A[T>C]G	3.34944634043147e-05	1.51917453250483e-05
A[T>C]T	7.57699230147324e-05	4.39691800670725e-05
C[T>C]A	0.000116745378599945	0.0133759103118643
C[T>C]C	5.92820218941277e-05	2.18990859172225e-05
C[T>C]G	4.20802202736729e-05	4.69444721361015e-05
C[T>C]T	0.000783831567465316	0.000661198454484404
G[T>C]A	0.000201317674244243	0.0223089023380244
G[T>C]C	0.00016632078875118	2.40032140196056e-05
G[T>C]G	3.36100168596986e-05	7.93228074237766e-05
G[T>C]T	7.73345657296688e-05	0.00973883193248689
T[T>C]A	0.00253866483420745	0.0421061276749558
T[T>C]C	0.000116985492577438	4.77650144061262e-05
T[T>C]G	0.000246769107812431	3.59741706269507e-05
T[T>C]T	0.000267741611333903	0.0196918729258862
A[T>G]A	8.82080067580694e-05	0.000104096365767645
A[T>G]C	2.2059929782605e-05	1.29642372053387e-05
A[T>G]G	2.42300103520984e-05	7.37443557501091e-06
A[T>G]T	0.000189062990477389	1.02300297279432e-05
C[T>G]A	0.000367217613801582	0.0410203679029499
C[T>G]C	9.16630502808801e-05	0.00016416900522474
C[T>G]G	4.63395497508245e-05	8.60833507134068e-06
C[T>G]T	0.000114872635526038	0.000478149014699442
G[T>G]A	1.00364487512119e-05	0.0379531225907468
G[T>G]C	9.30188413945996e-05	4.72143534658724e-05
G[T>G]G	0.0002361635035913	8.07409126278296e-05
G[T>G]T	0.000106189460878357	0.00322984308309377
T[T>G]A	0.000105072835200017	0.0675365109663109
T[T>G]C	3.0831348908141e-05	7.18323443411042e-06
T[T>G]G	3.28053021714243e-05	3.95229066407783e-05
T[T>G]T	7.98334957575357e-05	0.0297707988282727
